keyword,search_country
AI lesson plan generator,UK
AI marking tools,UK
AI learning assistant,UK
AI report card generator,UK
AI for SEND education,UK
GenAI PoC tools for education,UK
AI-powered academic advising tools,UK
AI lesson plan generator,US
AI marking tools,US
AI learning assistant,US
AI report card generator,US
AI for SEND education,US
GenAI PoC tools for education,US
AI-powered academic advising tools,US
AI lesson plan generator,CA
AI marking tools,CA
AI learning assistant,CA
AI report card generator,CA
AI for SEND education,CA
GenAI PoC tools for education,CA
AI-powered academic advising tools,CA
AI lesson plan generator,AU
AI marking tools,AU
AI learning assistant,AU
AI report card generator,AU
AI for SEND education,AU
GenAI PoC tools for education,AU
AI curriculum design tools,UK
